"NBN Atlas record ID","Occurrence ID","Licence","Rightsholder","Scientific name","Taxon author","Name qualifier","Common name","Species ID (TVK)","Taxon Rank","Occurrence status","Start date","Start date day","Start date month","Start date year","End date","End date day","End date month","End date year","Locality","OSGR","Latitude (WGS84)","Longitude (WGS84)","Coordinate uncertainty (m)","Verbatim depth","Recorder","Determiner","Individual count","Abundance","Abundance scale","Organism scope","Organism remarks","Sex","Life stage","Occurrence remarks","Identification verification status","Basis of record","Survey key","Dataset name","Dataset ID","Data provider","Data provider ID","Institution code","Kingdom","Phylum","Class","Order","Family","Genus","OSGR 100km","OSGR 10km","OSGR 2km","OSGR 1km","Country","State/Province","Vitality","public _ resolution _ in _ meters"
"fa0b47b7-0d8c-4a03-8ea6-f2f998328433","326","CC-BY","Marine Biological Association","Corella eumyota","Traustedt, 1882","","","NHMSYS0020328872","species","present","2012-12-06","06","12","2012","","","","","","SW8232","50.15257","-5.046024","707.1","","Chris Wood, Anna Yunnie and John Bishop","John Bishop","","","","","","","","","Accepted","HumanObservation","","2004-2012 Bishop et al. Occurrence of non-native sessile invertebrates on the English coast","dr1258","Marine Biological Association","dp80","","Animalia","Chordata","Ascidiacea","Phlebobranchia","Corellidae","Corella","SW","SW83","SW83G","SW8232","United Kingdom","England","",""
"4e7b0afd-a6e4-4017-aab7-c0e33c232e88","34392855","CC-BY","Marine Biological Association, and Biological Records Centre","Corella eumyota","Traustedt, 1882","","","NHMSYS0020328872","species","present","2022-10-09","09","10","2022","","","","","Tunnel Beach South","SW812317","50.145449789999994","-5.062843124","50.0","","Alan Smith, Samuel Humphries, Frances Geall, Eleanor Goodall, Tiger  Eaton, Alex Murphy, Lowen Murphy, Helen Eaton, Stephen Murphy, Terry Eaton, RPP1249, RPP1268, RPP1301, Ben Robins, Lacey Ward, Skye Ward, Daisy-Fey Robins, RPP1305","","","","","","","","","","Accepted","HumanObservation","The Rockpool Project | Imported records","Verified marine records from Indicia-based surveys","dr1429","Marine Biological Association","dp80","","Animalia","Chordata","Ascidiacea","Phlebobranchia","Corellidae","Corella","SW","SW83","SW83A","SW8131","United Kingdom","England","","0"
"2bb24ca8-edd9-4fb3-95a3-96c546b94336","T-MRMLN00400015028","CC-BY","Marine Biological Association","Corella","Alder & Hancock, 1870","","","NBNSYS0000180766","genus","present","2005-10-26","26","10","2005","","","","","Falmouth Marina, pontoons.","SW810330","50.156976","-5.066608","70.7","","Judith Oakley","","","F","","","","","","","Accepted - considered correct","HumanObservation","MRMLN00400000002","DASSH Data Archive Centre volunteer sightings records","dr1204","Marine Biological Association","dp80","","Animalia","Chordata","Ascidiacea","Phlebobranchia","Corellidae","Corella","SW","SW83","SW83B","SW8133","United Kingdom","England","",""
"0c59a062-014a-45f2-8e34-daad529b623f","307","CC-BY","Marine Biological Association","Corella eumyota","Traustedt, 1882","","","NHMSYS0020328872","species","present","2011-03-28","28","03","2011","","","","","","SW8132","50.152203","-5.060002","707.1","","Chris Wood, Anna Yunnie and John Bishop","John Bishop","","","","","","","","","Accepted","HumanObservation","","2004-2012 Bishop et al. Occurrence of non-native sessile invertebrates on the English coast","dr1258","Marine Biological Association","dp80","","Animalia","Chordata","Ascidiacea","Phlebobranchia","Corellidae","Corella","SW","SW83","SW83B","SW8132","United Kingdom","England","",""
"0a9c516f-9638-426b-8faf-cbe927ab59c2","2602","CC-BY-NC","People Power Science","Corella eumyota","Traustedt, 1882","","","NHMSYS0020328872","species","present","2020-03-11","11","03","2020","","","","","Gylly Extreme South","SW807313","50.14197749","-5.069310593","50.0","","RPP5|RPP8","Ben Holt","","","","","","","","","Accepted","HumanObservation","","The Rock Pool Project database - intertidal species records from rocky shore habitats - from February 2019","dr2071","The Rock Pool Project","dp233","The Rock Pool Project","Animalia","Chordata","Ascidiacea","Phlebobranchia","Corellidae","Corella","SW","SW83","SW83A","SW8031","United Kingdom","England","",""
"4b01b9b0-0aff-46a1-b9ac-cc5fc8316c1f","310","CC-BY","Marine Biological Association","Corella eumyota","Traustedt, 1882","","","NHMSYS0020328872","species","present","2010-07-14","14","07","2010","","","","","","SW8132","50.152203","-5.060002","707.1","","Chris Wood, Anna Yunnie and John Bishop","John Bishop","","","","","","","","","Accepted","HumanObservation","","2004-2012 Bishop et al. Occurrence of non-native sessile invertebrates on the English coast","dr1258","Marine Biological Association","dp80","","Animalia","Chordata","Ascidiacea","Phlebobranchia","Corellidae","Corella","SW","SW83","SW83B","SW8132","United Kingdom","England","",""
"33abec06-ccba-488b-93dd-c59dcd7ad924","306","CC-BY","Marine Biological Association","Corella eumyota","Traustedt, 1882","","","NHMSYS0020328872","species","absent","2010-07-14","14","07","2010","","","","","","SW8132","50.152203","-5.060002","707.1","","Chris Wood, Anna Yunnie and John Bishop","John Bishop","","","","","","","","","Accepted","HumanObservation","","2004-2012 Bishop et al. Occurrence of non-native sessile invertebrates on the English coast","dr1258","Marine Biological Association","dp80","","Animalia","Chordata","Ascidiacea","Phlebobranchia","Corellidae","Corella","SW","SW83","SW83B","SW8132","United Kingdom","England","",""
"1418b977-e215-4b09-8d93-bf38c587597e","34396731","CC-BY","Marine Biological Association, and Biological Records Centre","Corella eumyota","Traustedt, 1882","","","NHMSYS0020328872","species","present","2023-07-01","01","07","2023","","","","","Castle Drive North","SW821318","50.146726309999984","-5.0509299709999995","50.0","","RPP1032","","","","","","","","","","Accepted - considered correct","HumanObservation","The Rockpool Project | Imported records","Verified marine records from Indicia-based surveys","dr1429","Marine Biological Association","dp80","","Animalia","Chordata","Ascidiacea","Phlebobranchia","Corellidae","Corella","SW","SW83","SW83F","SW8231","United Kingdom","England","","0"
"e72d7b0e-d6fb-4997-a344-74cd06d98f9f","325","CC-BY","Marine Biological Association","Corella eumyota","Traustedt, 1882","","","NHMSYS0020328872","species","present","2012-05-31","31","05","2012","","","","","","SW8232","50.15257","-5.046024","707.1","","Chris Wood, Anna Yunnie and John Bishop","John Bishop","","","","","","","","","Accepted","HumanObservation","","2004-2012 Bishop et al. Occurrence of non-native sessile invertebrates on the English coast","dr1258","Marine Biological Association","dp80","","Animalia","Chordata","Ascidiacea","Phlebobranchia","Corellidae","Corella","SW","SW83","SW83G","SW8232","United Kingdom","England","",""
"e2121817-82ab-4d6b-98a0-5057cf34741f","309","CC-BY","Marine Biological Association","Corella eumyota","Traustedt, 1882","","","NHMSYS0020328872","species","present","2012-02-27","27","02","2012","","","","","","SW8132","50.152203","-5.060002","707.1","","Chris Wood, Anna Yunnie and John Bishop","John Bishop","","","","","","","","","Accepted","HumanObservation","","2004-2012 Bishop et al. Occurrence of non-native sessile invertebrates on the English coast","dr1258","Marine Biological Association","dp80","","Animalia","Chordata","Ascidiacea","Phlebobranchia","Corellidae","Corella","SW","SW83","SW83B","SW8132","United Kingdom","England","",""
"2022bed5-4221-4753-b2c2-bcdb4955e7af","T-MRLRC003000073CC","CC-BY","Seasearch","Corella eumyota","Traustedt, 1882","","","NHMSYS0020328872","species","present","2012-11-08","08","11","2012","","","","","Port of Pendennis Marina","SW813324","50.15188","-5.061524","70.7","3 to 3.5 m","Richard Morton","","","F","SACFORN","","","","","","Accepted - considered correct","HumanObservation","MRLRC0030000005F","Seasearch Marine Surveys in England","dr690","Seasearch","dp119","Seasearch","Animalia","Chordata","Ascidiacea","Phlebobranchia","Corellidae","Corella","SW","SW83","SW83B","SW8132","United Kingdom","England","alive",""
"baf7328b-f729-4099-896f-1fbe64e8255e","8047266","CC-BY","Marine Biological Association, and Biological Records Centre","Corella eumyota","Traustedt, 1882","","","NHMSYS0020328872","species","present","2018-09-29","29","09","2018","","","","","Trefusis Point, Flushing, Penryn, Cornwall","SW81633354","50.161637","-5.058714","7.1","","David Fenwick","David Fenwick","","","","","","not recorded","not recorded","","Accepted - considered correct","HumanObservation","iRecord | General data","Verified marine records from Indicia-based surveys","dr1429","Marine Biological Association","dp80","","Animalia","Chordata","Ascidiacea","Phlebobranchia","Corellidae","Corella","SW","SW83","SW83B","SW8133","United Kingdom","England","","0"
"b2f3cf0d-ba04-442f-a5c4-064f9b617023","305","CC-BY","Marine Biological Association","Corella eumyota","Traustedt, 1882","","","NHMSYS0020328872","species","present","2009-09-18","18","09","2009","","","","","","SW8132","50.152203","-5.060002","707.1","","Chris Wood, Anna Yunnie and John Bishop","John Bishop","","","","","","","","","Accepted","HumanObservation","","2004-2012 Bishop et al. Occurrence of non-native sessile invertebrates on the English coast","dr1258","Marine Biological Association","dp80","","Animalia","Chordata","Ascidiacea","Phlebobranchia","Corellidae","Corella","SW","SW83","SW83B","SW8132","United Kingdom","England","",""
"a1293995-19bb-4c7b-aab0-03e73948dedf","554332177","OGL","Natural England","Corella eumyota","Traustedt, 1882","","","NHMSYS0020328872","species","present","2013-09-02","02","09","2013","","","","","RAS 2013","SW814324","50.151735","-5.060672","70.7","Unknown","John Bishop","","","A","SACFORN","","","","","","Accepted - considered correct","HumanObservation","MRNE017200000002","Natural England Marine Monitoring surveys","dr833","Natural England","dp83","","Animalia","Chordata","Ascidiacea","Phlebobranchia","Corellidae","Corella","SW","SW83","SW83B","SW8132","United Kingdom","England","alive",""
"608af385-f98c-42cb-acfd-53c6f73ef6f2","554332718","OGL","Natural England","Corella eumyota","Traustedt, 1882","","","NHMSYS0020328872","species","present","2013-09-02","02","09","2013","","","","","RAS 2013","SW815322","50.149976","-5.059159","70.7","Unknown","John Bishop","","","R","SACFORN","","","","","","Accepted - considered correct","HumanObservation","MRNE017200000002","Natural England Marine Monitoring surveys","dr833","Natural England","dp83","","Animalia","Chordata","Ascidiacea","Phlebobranchia","Corellidae","Corella","SW","SW83","SW83B","SW8132","United Kingdom","England","alive",""
"2b9f6eff-3db2-40db-bcb1-eea918c71b96","554356714","OGL","Natural England","Corella eumyota","Traustedt, 1882","","","NHMSYS0020328872","species","present","2013-09-02","02","09","2013","","","","","RAS 2013","SW811326","50.153421","-5.06498","70.7","Unknown","John Bishop","","","F","SACFORN","","","","","","Accepted - considered correct","HumanObservation","MRNE017200000002","Natural England Marine Monitoring surveys","dr833","Natural England","dp83","","Animalia","Chordata","Ascidiacea","Phlebobranchia","Corellidae","Corella","SW","SW83","SW83B","SW8132","United Kingdom","England","alive",""
"f79e53f3-1159-4c4d-b11c-46de81539ccb","T-MRLRC0030000176D","CC-BY","Seasearch","Corella parallelogramma","(Müller, 1776)","","Gas Mantle Ascidian","NHMSYS0021053234","species","present","2007-08-27","27","08","2007","","","","","""Silver steps, Pendennis Point""","SW821316","50.14512","-5.049766","70.7","-3.1 to 4.8 m","Justin Evans","","","R","SACFORN","","","","","","Accepted - considered correct","HumanObservation","MRLRC0030000001B","Seasearch Marine Surveys in England","dr690","Seasearch","dp119","Seasearch","Animalia","Chordata","Ascidiacea","Phlebobranchia","Corellidae","Corella","SW","SW83","SW83F","SW8231","United Kingdom","England","alive",""
"ac09d0b2-f447-4404-9c4d-40d65e9355c5","T-MRLRC003000017B1","CC-BY","Seasearch","Corella parallelogramma","(Müller, 1776)","","Gas Mantle Ascidian","NHMSYS0021053234","species","present","2007-08-27","27","08","2007","","","","","""Silver steps, Pendennis Point""","SW821316","50.14512","-5.049766","70.7","-3.1 to 4.8 m","Anna Dean","","","R","SACFORN","","","","","","Accepted - considered correct","HumanObservation","MRLRC0030000001B","Seasearch Marine Surveys in England","dr690","Seasearch","dp119","Seasearch","Animalia","Chordata","Ascidiacea","Phlebobranchia","Corellidae","Corella","SW","SW83","SW83F","SW8231","United Kingdom","England","alive",""
"6feeb4ff-b660-4bb0-846c-b736aebfda73","308","CC-BY","Marine Biological Association","Corella eumyota","Traustedt, 1882","","","NHMSYS0020328872","species","present","2011-08-11","11","08","2011","","","","","","SW8132","50.152203","-5.060002","707.1","","Chris Wood, Anna Yunnie and John Bishop","John Bishop","","","","","","","","","Accepted","HumanObservation","","2004-2012 Bishop et al. Occurrence of non-native sessile invertebrates on the English coast","dr1258","Marine Biological Association","dp80","","Animalia","Chordata","Ascidiacea","Phlebobranchia","Corellidae","Corella","SW","SW83","SW83B","SW8132","United Kingdom","England","",""
